00,1
000,1
01,1
04,1
10,1
1809,1
196,1
2017,1
7444,1
7658,1
ad,1
administrative,1
advanced,3
advisor,1
ai,2
aide,1
air,1
algorithm,2
analysis,3
analyst,74
analytic,2
analytical,2
analytics,13
android,2
angular,1
api,1
applied,2
architect,6
articial,1
assessment,2
assistant,3
associate,7
assurance,1
audit,1
avp,1
award,1
aws,3
az,1
backend,2
based,1
behavioral,1
bi,1
big,7
billion,3
bio,1
biochemistry,2
biocurator,1
bioinformatics,4
biology,2
biopha,1
biophysic,1
biophysics,1
biostatisticians,1
blend,1
board,1
boston,1
budget,1
bureau,1
business,6
cancer,1
candidates,1
cardiology,1
cell,1
center,3
certifying,1
chain,1
children,1
city,1
clearing,1
clinical,3
community,1
company,4
compliance,4
computational,4
computer,3
connections,1
consultant,2
consumer,2
coordinator,1
corporate,1
cpn,1
crail,1
credit,1
criminal,1
cto,1
customer,3
cytometry,1
d3,1
data,143
database,2
days,1
deep,3
department,1
designer,1
developer,13
development,5
devops,2
diagnostics,1
digital,7
director,12
disruptive,1
division,2
doc,1
doctoral,2
dolla,1
dpt,1
driven,1
duluth,1
earning,1
earth,1
eas,1
education,1
emi,1
end,2
engagement,1
engineer,45
engineers,1
enterprise,1
entrepreneurship,1
entry,2
environmental,5
equal,1
equity,1
estate,1
evaluation,1
experiments,1
famil,1
fellow,3
fermentation,1
field,2
finance,2
financial,2
fintech,4
firm,2
fitness,1
flow,1
focus,1
fraud,1
frontend,1
fullstack,1
fully,1
fund,1
funded,1
fung,1
genetics,1
geniuses,1
genome,1
georgia,1
gifts,1
global,2
government,1
grant,1
grants,1
growth,1
gyn,1
hadoop,2
haz,1
head,1
health,3
healthcare,6
healthtech,1
hedge,1
hire,1
house,2
hr,1
hsi,1
hydrologist,2
ii,4
iii,2
implementation,1
informaticist,1
information,1
infrastructure,1
innovative,1
insider,1
insights,1
inst,1
institute,1
integration,1
integrity,1
intelligence,3
internet,1
internship,1
investigations,1
investigator,1
ios,1
iot,2
island,1
java,5
javascri,1
javascript,2
jerry,1
job,1
johnson,1
jr,1
junior,2
laboratory,6
labs,1
language,1
lead,12
leader,2
learning,32
lecturer,1
legal,1
level,6
liberty,1
library,1
life,1
loans,1
local,1
machi,1
machine,30
major,1
manager,16
map,1
market,3
marketing,12
maxillofacial,1
mean,1
media,1
medical,2
medicine,1
methodologist,1
microbiology,2
mid,3
military,1
ml,1
model,2
modeler,2
modeling,1
molec,1
molecular,1
multi,2
mutual,1
nationwide,1
natural,1
needed,1
network,2
nlp,5
nurse,1
nyc,1
ob,1
officer,1
oncology,1
ontologist,1
open,2
operations,2
ophthalmology,1
oral,1
patronage,1
people,1
permitting,1
pharmacogenomic,1
phoenix,1
planner,1
planning,1
policy,3
portals,1
position,1
positions,1
post,3
postdoctoral,3
pre,1
precision,1
predictive,2
predoctoral,1
principal,8
principle,1
process,3
processing,1
professional,1
program,1
project,3
projects,1
protection,1
psd,1
psychiatry,1
public,1
python,11
qa,1
qualification,1
quality,3
quant,1
quantitative,16
radiology,1
ranked,1
real,1
recruitment,1
reliability,2
remote,1
required,1
research,60
researcher,4
resources,1
restful,1
retail,1
review,1
risk,4
rna,1
road,1
rshiny,1
scala,1
scholar,1
sci,1
science,11
sciences,2
scientific,1
scientist,134
scikitlearn,1
security,1
seeks,1
senior,50
sequencing,2
server,1
services,2
sheriff,1
site,2
siteman,1
software,10
soil,1
solaria,1
solution,1
solutions,1
som,1
source,1
spark,3
specialist,6
sql,1
sr,9
stack,5
staff,8
startup,3
state,1
statistical,10
statistician,6
stem,1
study,1
success,2
supervising,1
supervisor,2
supply,1
support,1
surety,1
surge,1
sutardja,1
svp,1
systematic,1
systems,1
tableau,1
team,3
tech,3
technical,1
technician,5
technologist,2
technology,3
teradata,1
test,1
threat,1
time,1
tools,1
trade,1
transfer,1
ts,1
validation,1
variant,1
veteran,1
virtual,1
vision,2
visual,1
vp,3
waste,1
water,2
web,1
wellness,1
working,1
world,1
youth,1
