000,3
10,2
100,5
160,1
180,1
180k,1
1974,1
1989,1
20,1
2005,1
200k,1
2010,1
2013,1
2015,1
22,1
220k,1
30,1
300,1
38,1
40,1
401k,1
403,1
457,1
45k,1
500,1
52k,1
58k,1
605,1
_your,1
abilities,1
ability,10
academic,2
access,2
according,1
accredited,11
accrediting,1
accumulo,2
accurately,1
accustomed,1
achieve,1
acids,1
acquire,2
acquires,1
action,1
actionable,3
active,1
activities,3
actuarial,1
actuaries,1
ad,1
adapting,1
add,2
adding,1
additional,1
adjust,1
administered,1
administration,1
administrative,1
adobe,1
adopt,1
adopting,1
adoption,1
adults,1
advance,1
advanced,14
advise,1
affordability,1
agency,3
agent,1
aggregate,1
agile,1
ai,2
air,1
alexandria,1
algorithm,5
algorithms,8
alice,1
allocation,2
allow,4
alongside,2
alpha,1
altering,1
america,2
amounts,1
amplification,1
analyses,3
analysis,31
analyst,17
analysts,11
analytic,3
analytical,4
analytics,78
analyze,13
analyzes,3
analyzing,1
angeles,1
annual,1
applicant,1
application,2
applications,2
applied,7
apply,14
applying,13
appointment,1
approach,4
approaches,2
appropriate,4
appropriately,1
approximately,1
architect,7
architects,1
architecture,1
area,5
aren,1
aret√©,1
arizona,1
arlington,1
arry,1
art,2
artificial,1
arts,1
ask,1
asks,1
aspect,1
aspects,1
assay,1
assessment,1
asset,1
assigned,2
assignment,10
assist,4
assistance,1
assists,3
associate,3
associated,1
associates,3
attention,1
attract,1
attracting,1
audiences,1
augment,1
automate,1
automation,1
autonomous,3
autonomously,1
availability,1
available,4
award,1
awarded,1
away,1
bachelor,4
bachelors,1
backend,1
background,4
banking,3
banner,1
barry,1
base,1
based,22
basic,3
basis,2
bayesian,3
bcche,1
beauty,1
began,1
behalf,1
behavior,2
behavioral,1
bench,1
benefits,12
best,3
bi,5
big,20
billion,1
bio,1
biochemistry,1
bioinformatics,1
biological,11
biomedical,1
biostatistician,1
biostatistics,1
biotech,2
board,2
boarding,1
boltzmann,1
bonus,1
boston,2
bot,1
boundaries,1
boutique,1
brand,1
breaking,1
bring,3
broad,2
brought,1
budget,2
budgeting,1
budgets,1
build,9
building,3
business,16
ca,1
calendars,1
california,1
calls,1
cancer,1
candidate,8
candidates,2
capabilities,2
capital,1
care,9
career,2
caroline,1
cases,2
ccs,1
cellular,1
center,2
centers,2
certificate,1
challenging,2
champion,1
changing,1
charge,1
charting,1
chemical,1
chemistry,2
chicago,7
chief,2
children,1
cia,1
cio,1
circuit,1
city,4
claims,2
clarifi,1
clarity,1
class,2
classification,2
classifiers,1
cleaning,1
clear,4
clearing,2
clearly,1
client,8
clients,3
clinical,22
closely,3
closure,1
cloud,1
cloudera,2
clustering,1
clusters,1
cm,1
coastal,1
codes,1
coherent,1
coleman,1
collaborate,1
collaborative,3
collaboratively,3
colleagues,2
collect,2
collected,4
collection,4
collectively,1
collects,2
college,10
colorado,1
com,2
combination,1
comes,2
comfortable,1
commensurate,1
commerce,1
commercialize,1
committees,1
common,1
commoner,1
communicate,8
communicating,1
communication,1
community,3
companies,1
company,18
competence,1
competent,2
competitive,6
competitors,1
compile,1
complete,2
completed,1
complex,10
comprehensive,2
compressive,2
computer,9
computing,1
conception,1
concepts,2
concise,4
conditions,1
conduct,3
conducting,3
conducts,2
conference,2
confidential,1
connecting,1
consideration,2
consistency,1
consisting,3
consists,6
constantly,1
constructs,1
consultancy,2
consultants,3
consulting,3
consumer,3
contact,2
continual,2
continuously,1
contractor,1
contribute,1
contributing,1
contributor,1
control,2
core,2
corporate,1
cost,1
council,1
counter,1
counties,1
country,1
cpr,1
crafting,1
crc,1
create,3
creating,4
creative,2
criminal,1
critical,2
crm,1
cross,2
culturally,2
current,11
currently,3
custom,1
customer,6
customers,3
customized,1
cutting,1
cycle,1
cytometry,2
daily,1
darian,1
dashboarding,1
dashboards,1
data,355
database,2
databases,4
datasets,2
date,1
days,1
dc,1
decision,3
decisions,1
decrease,1
deep,18
deferred,1
define,1
degree,16
deliver,3
delivering,1
delivery,1
demand,2
demands,1
democratic,1
demonstrated,2
dental,3
department,2
departments,3
deploy,1
deployed,1
deployment,2
depth,3
derivatives,1
descriptive,1
design,5
designers,2
designs,7
desirable,1
detailed,1
detection,2
detectors,1
determination,2
develop,24
developed,1
developer,5
developers,7
developing,6
development,17
developmental,1
diego,1
digital,4
dimensional,1
direct,1
direction,1
directly,2
director,12
directorship,1
disciplinary,1
discipline,2
discovery,2
discussions,2
disease,1
disparate,1
disparities,1
displaying,1
distilling,1
distributed,3
district,1
dive,1
diverse,5
diving,1
division,4
document,1
doe,1
does,1
doing,1
don,1
downtown,2
drafting,1
drawing,2
drive,2
driven,6
driving,1
drug,1
dynamic,1
early,1
earning,1
ease,1
ecommerce,1
econometrics,1
economic,3
economics,1
ecosystem,2
edge,6
edit,1
effectively,3
effectiveness,1
efficient,2
elastic,1
elasticsearch,1
electrical,1
elegant,1
emerging,2
emotional,1
emphasis,1
employer,4
enabled,2
end,9
engineer,15
engineering,15
engineers,21
enhance,2
enjoy,1
ensure,7
ensuring,1
enterprise,3
entire,2
entry,4
environment,7
environmental,11
equal,1
equip,1
equity,5
erp,1
escalate,1
esp,1
ess,1
essentially,1
establish,1
established,4
estate,1
etl,4
evaluate,3
evaluation,1
event,1
examination,1
examine,2
excel,4
excellence,1
excellent,6
exceptions,1
excited,1
exciting,5
exclusively,1
execute,1
executing,1
execution,1
executive,2
existing,2
expand,5
expanding,2
expect,1
expected,3
experience,43
experienced,3
experiences,1
experimental,8
experimentation,1
experiments,1
expert,6
expertise,3
experts,5
exponentially,1
express,1
extended,1
extending,1
extensive,5
extraction,3
extremely,1
eyebrow,1
facilitate,2
faculty,3
familiarity,4
fashion,1
fast,7
fb,1
features,2
fee,1
fellow,1
fesu,1
fhnr,3
field,8
fields,2
figure,1
filtering,1
finally,1
finance,3
financial,7
financiers,1
findings,2
fintech,3
firm,4
fit,1
fixed,1
flashx,1
flexibility,2
flexible,2
floor,1
florida,6
flow,2
flowing,1
focus,2
focused,1
focusing,1
forecasting,1
forestry,3
formats,1
formatted,1
formed,1
fortune,1
founded,1
framework,1
francisco,1
fraud,1
free,2
frequently,2
fringe,1
fulfills,1
fully,1
functional,2
fund,1
fundamental,1
fundamentals,1
funded,2
funding,1
fung,1
gather,2
gathers,1
gaussian,1
general,1
generally,1
generating,1
generation,1
genetic,2
genomics,1
geospatial,1
giant,1
github,2
global,3
goals,1
going,1
google,1
government,1
graduate,1
grant,1
graphs,1
green,1
ground,7
group,7
groups,2
growing,14
growth,1
gs,1
guidance,2
h2o,1
hadoop,9
handling,2
hands,5
hanley,2
hard,2
hardware,1
harnham,1
head,1
health,50
healthcare,1
heavily,1
hedge,1
help,3
helping,1
hidden,1
high,3
higher,1
higherin,1
highly,4
hill,1
hire,3
hiring,1
history,3
hoc,1
hold,1
holder,1
hoovers,1
hopes,1
horticulture,3
hortonworks,2
host,1
hourly,1
hours,1
house,1
hr,1
huge,4
human,3
hydrologist,1
hypotheses,1
hypothesis,1
icd,1
ideal,4
ideally,2
identify,4
identifying,1
image,1
images,1
immediate,2
immunology,1
impacting,1
implement,3
implementation,4
implemented,1
implementing,1
important,1
improve,2
include,5
includes,1
including,17
income,1
inconsistencies,1
increase,1
increasing,1
independent,1
independently,1
individual,3
individuals,1
industries,1
industry,9
inference,1
infers,1
inform,2
informatics,1
information,15
infrastructure,1
initially,1
initiatives,1
innovate,1
innovation,1
innovative,2
input,1
insight,2
insights,10
institute,2
institution,1
insurance,8
integrate,1
integrated,1
integrates,1
integrating,1
integration,4
integrationshape,1
integrity,2
intellectual,1
intelligence,7
intelligent,2
interaction,1
interactive,1
interdisciplinary,1
interface,1
internal,3
international,1
internationalized,1
internet,2
interpret,7
interpretation,2
interpretative,1
interpreting,1
interprets,1
interrogation,1
introduce,1
investigation,1
investigative,1
investigator,2
investment,2
investments,1
investor,1
involve,1
involved,5
involves,2
involving,1
iot,2
issues,1
january,1
java,7
javascript,2
jecsi,1
job,3
jobs,2
join,23
joining,1
jose,1
journals,1
judgment,1
julia,1
jump,1
junior,5
kabul,1
kafka,2
kc,2
key,4
know,1
knowledge,17
known,2
lab,2
laboratorian,2
laboratory,12
labs,1
language,5
large,9
latest,2
launched,1
lead,17
leader,1
leaders,2
leadership,2
leading,13
leaning,2
learn,4
learning,95
legal,1
level,23
leverage,2
leveraging,4
liaison,1
libraries,1
library,2
license,1
life,7
like,1
limited,3
line,5
linux,1
list,2
listening,1
literacy,1
literature,4
liver,1
ll,5
llc,3
loaded,2
loading,3
local,1
located,7
locations,1
logistics,1
long,1
looking,33
los,1
love,1
lower,1
loyalty,2
ma,1
machine,86
machines,1
macro,2
mail,1
main,1
mainstream,1
maintain,2
maintaining,1
maintains,1
major,1
makers,1
making,2
malware,1
man,1
manage,15
management,16
manager,4
managers,2
managing,1
manipulate,2
manipulation,1
manner,4
manual,1
manufacturers,1
map,1
market,9
marketers,1
marketing,15
markov,1
mass,1
massive,2
master,10
masters,2
mateo,1
materials,3
math,3
mathematics,7
matlab,7
matter,4
mcgraw,1
mean,2
meaningful,1
measures,1
mechanical,1
mechanisms,1
media,6
medicaid,1
medical,4
medicare,1
meet,2
meetings,1
member,4
members,1
mental,2
mentored,1
mentoring,1
met,1
methodological,1
methodology,1
methods,10
miami,5
micro,1
microbiologist,2
microsoft,2
mid,5
milestone,1
min,1
minimum,2
mining,13
mission,4
mit,1
mix,3
mixture,2
mobile,2
model,4
modeler,1
modeling,18
modelling,2
models,18
molding,1
molecular,2
monitor,1
monitoring,2
montgomery,1
mortgage,1
motivation,1
mountain,2
moving,1
mrm,1
ms,2
multi,1
multiple,8
multiplex,1
multivariate,1
naacls,1
nancy,1
national,1
natural,10
naturally,1
ndarian,1
near,1
need,3
needed,1
needs,4
nerds,1
networks,1
neural,1
neuroscience,1
new,17
newly,1
news,4
newton,1
nlp,8
noc,1
non,1
north,4
nosql,5
notch,1
note,1
notice,1
novel,1
nsf,1
nucleic,1
number,1
obiee,1
occupational,1
offer,4
offers,1
office,5
officer,1
online,2
open,4
opened,2
opening,2
openings,1
operation,1
operational,1
operations,6
opinions,1
opportunities,2
opportunity,15
optimization,1
optional,1
options,1
order,2
oregon,2
organization,1
organize,2
organized,1
organizing,1
oriented,2
otc,1
outcomes,1
overall,1
overseeing,3
oversight,2
ownership,1
paced,1
package,1
packages,1
paid,6
parallel,1
paramount,1
participants,1
participate,3
participates,1
particular,1
partner,1
partnering,1
passing,1
passionate,2
path,1
pathview,1
pathway,1
patient,5
pattern,2
patterns,2
pay,3
payer,1
pbs,1
peer,1
people,1
peoplesoft,1
perform,3
performance,3
performing,4
performs,3
permanent,1
person,1
personal,1
personalized,1
perspective,1
petabytes,1
ph,1
pharma,1
pharmaceutical,1
pharmacology,1
phase,2
phd,7
phds,1
phenotypic,1
philadelphia,1
physical,13
physician,1
physicians,1
physics,10
pioneered,1
pipeline,3
plan,3
planning,2
plans,10
platform,8
play,1
plus,9
pms,1
point,2
policies,1
pollutant,1
population,1
portals,1
position,9
positions,1
possess,1
possession,1
postal,1
potential,1
powered,6
practice,2
practices,3
pre,3
preclinical,1
predicative,1
predict,1
predictive,17
prefer,1
preferred,3
premier,2
preparation,2
prepare,2
prepares,1
prescriptive,1
prevention,1
previous,1
primary,2
principal,8
principlesolutions,1
prior,3
prioritize,1
priority,1
private,1
problem,1
problems,6
procedures,5
process,4
processes,3
processing,6
produce,2
producing,1
product,5
production,2
productize,1
products,6
professional,3
professionals,3
proficiency,3
proficient,3
program,3
programming,5
programs,3
progressive,1
project,21
projects,8
promote,2
promotion,1
property,1
proposal,1
prospective,1
protect,3
protection,1
prototype,1
provide,4
provided,1
provider,3
provides,7
providing,5
psd,1
psychophysiological,2
pto,1
public,14
publications,2
publicly,1
pull,1
purification,1
purpose,1
push,1
python,26
qa,1
qpcr,1
qualified,1
qualify,1
qualitative,1
quality,4
quant,1
quantitative,8
quantities,1
quarterly,1
queens,2
queries,2
questionnaire,1
rabbitmq,2
railey,1
range,3
ranges,1
ranks,1
rapidly,2
rare,2
real,5
realize,1
received,1
recent,2
recently,1
recognition,2
recommendations,2
records,1
recruiting,2
recurring,1
reduces,2
reference,1
refinements,1
regarding,1
region,1
registry,1
regression,2
related,9
relating,1
relevant,7
reliable,2
relocation,2
remove,1
renowned,1
report,4
reporting,8
reports,2
represent,1
required,2
requirements,2
requires,1
research,46
researcher,2
researchers,1
resolving,1
resource,3
resources,5
response,1
responsibilities,6
responsibility,2
responsible,11
restore,3
restricted,1
results,2
resume,3
retail,1
retirement,2
retrieval,4
retrieve,1
review,4
right,2
rising,1
risk,6
risks,1
river,3
rna,2
roadblocks,1
robotics,1
robust,2
rocky,1
roi,1
role,12
roles,1
rolethe,1
root,1
round,1
rra,1
rtf,1
saas,1
safest,2
said,1
salary,11
sale,1
sales,1
sample,4
san,4
sas,13
scala,3
scalable,1
scale,2
scet,1
school,3
science,31
sciences,12
scientific,14
scientist,73
scientists,68
scope,1
scoring,1
screen,1
screeners,1
screening,1
scrubbing,1
se,1
search,1
searches,2
searching,1
seasonal,1
seasoned,2
seattle,1
second,1
secret,1
seek,2
seeking,13
segment,1
segmentation,2
selected,1
semiconductor,1
seminars,1
send,2
senior,21
sense,1
sensing,2
sensor,2
sensors,1
sentiment,1
seq,1
sequencing,2
serve,6
serves,2
service,1
services,9
serving,2
session,1
set,3
sets,11
shall,1
shape,1
shift,1
shiny,1
shop,1
shopping,1
shore,1
sign,1
signal,1
silicon,1
similar,1
simple,1
sips,1
size,1
sized,1
skill,1
skilled,1
skills,14
small,2
smaller,1
smarking,2
smith,2
smithhanley,1
social,4
software,17
solaria,1
solid,2
solution,10
solutions,10
solve,2
solving,4
sought,1
sounds,1
source,2
sources,6
south,5
space,3
spaces,2
spark,10
spatiotemporal,1
specialists,1
specialty,1
specific,7
specifically,1
specimen,1
spectral,1
speed,1
sponsor,1
spss,1
sql,20
squad,1
stack,4
staff,1
staffing,1
stakeholders,1
standard,1
standing,1
start,4
startup,4
state,3
statistical,30
statistician,3
statistics,14
status,1
stock,1
storage,2
store,1
storm,2
strategic,1
strategies,1
strategists,2
strategize,1
streaming,1
streamline,1
streamlined,1
strength,2
strong,16
structure,1
structured,2
structures,1
student,2
students,3
study,2
subject,8
subjects,1
substantial,1
substantive,1
successful,9
successfully,1
summarizing,1
superstars,1
supervising,1
supervision,1
support,8
supporting,2
surety,1
surge,1
survey,4
syndicated,1
synthetic,1
systematic,1
systems,5
tab,1
tableau,3
tables,1
tabulate,1
taking,1
talented,3
target,1
targeting,1
task,1
tax,1
tb,1
tbs,1
team,58
teams,2
tech,1
technical,12
technicians,3
techniques,15
technologies,3
technology,9
term,1
test,4
testing,4
tests,1
text,3
think,1
thought,1
threat,1
tiaa,1
tier,2
ties,1
time,4
tools,14
topics,1
tracking,1
tracks,1
trade,1
trades,1
trading,1
training,2
transactional,1
transformation,2
translational,1
transmit,1
transportation,1
trending,2
trends,10
trials,3
true,2
trusted,1
turn,1
tv,1
types,1
typically,1
uavs,1
uhealth,5
ultimately,2
umr,1
undergraduate,1
understand,2
understanding,6
undertaking,1
underwriting,2
uniformity,1
unique,2
unit,2
university,24
unlimited,1
unlock,1
unstructured,4
use,17
used,3
user,2
users,1
uses,1
using,17
utilization,1
utilize,2
utilizing,1
validate,1
validation,3
valley,1
valuable,1
value,1
values,2
variant,1
variety,3
various,12
vba,3
vc,1
vehicles,2
venture,1
video,3
view,1
virginia,1
visibility,1
vision,5
visual,1
visualization,8
vp,2
wa,1
want,2
warehousing,1
washington,1
water,1
ways,2
web,3
websites,1
webtrends,1
week,1
weekly,2
whilst,1
wide,1
willing,1
winning,1
wishing,1
word,2
work,20
workforce,2
working,18
workpop,1
works,2
world,8
write,2
writes,1
writing,2
wuermli,1
year,1
years,9
york,4
young,1
yrs,1
